{"cameraMode":{"drawMode":0,"name":"Shaded","section":"Shading Mode"},"sceneLighting":false,"audioPlay":false,"sceneViewState":{"showFog":true,"showMaterialUpdate":false,"showSkybox":false,"showFlares":true,"showImageEffects":true,"showParticleSystems":true},"in2DMode":false,"pivot":{"x":-3.391367197036743,"y":0.12279051542282105,"z":-2.8125522136688234},"rotation":{"x":-0.07214391976594925,"y":0.05442420393228531,"z":-0.0039435927756130699,"w":-0.9959005117416382},"size":0.2703879773616791,"orthographic":false}