{"cameraMode":{"drawMode":0,"name":"Shaded","section":"Shading Mode"},"sceneLighting":false,"audioPlay":false,"sceneViewState":{"showFog":true,"showMaterialUpdate":false,"showSkybox":true,"showFlares":true,"showImageEffects":true,"showParticleSystems":true},"in2DMode":false,"pivot":{"x":-6.405494213104248,"y":2.1594393253326418,"z":-1.341638207435608},"rotation":{"x":0.20628581941127778,"y":-0.7790899872779846,"z":0.32465383410453799,"w":0.4950403571128845},"size":4.125844955444336,"orthographic":false}