{"cameraMode":{"drawMode":0,"name":"Shaded","section":"Shading Mode"},"sceneLighting":false,"audioPlay":false,"sceneViewState":{"showFog":true,"showMaterialUpdate":false,"showSkybox":false,"showFlares":true,"showImageEffects":true,"showParticleSystems":true},"in2DMode":false,"pivot":{"x":1.308268427848816,"y":-0.12692305445671082,"z":0.1523076891899109},"rotation":{"x":-0.17098398506641389,"y":0.7540640234947205,"z":-0.21628542244434358,"w":-0.5961313247680664},"size":1.6382710933685303,"orthographic":false}