{"cameraMode":{"drawMode":0,"name":"Shaded","section":"Shading Mode"},"sceneLighting":false,"audioPlay":false,"sceneViewState":{"showFog":true,"showMaterialUpdate":false,"showSkybox":false,"showFlares":true,"showImageEffects":true,"showParticleSystems":true},"in2DMode":false,"pivot":{"x":0.17589962482452393,"y":0.09394015371799469,"z":0.89914870262146},"rotation":{"x":0.05336484685540199,"y":-0.10251438617706299,"z":-0.005509162787348032,"w":-0.9932838082313538},"size":0.27407413721084597,"orthographic":false}