{"cameraMode":{"drawMode":0,"name":"Shaded","section":"Shading Mode"},"sceneLighting":false,"audioPlay":false,"sceneViewState":{"showFog":true,"showMaterialUpdate":false,"showSkybox":true,"showFlares":true,"showImageEffects":true,"showParticleSystems":true},"in2DMode":false,"pivot":{"x":15.408721923828125,"y":-1.8347889184951783,"z":2.945504665374756},"rotation":{"x":0.03315725177526474,"y":0.653044581413269,"z":-0.02863740734755993,"w":0.7560511827468872},"size":22.0,"orthographic":false}