{"cameraMode":{"drawMode":0,"name":"Shaded","section":"Shading Mode"},"sceneLighting":false,"audioPlay":false,"sceneViewState":{"showFog":true,"showMaterialUpdate":false,"showSkybox":true,"showFlares":true,"showImageEffects":true,"showParticleSystems":true},"in2DMode":false,"pivot":{"x":-9.248394012451172,"y":-2.1092844009399416,"z":-2.3506457805633547},"rotation":{"x":0.3290383517742157,"y":-0.5952126383781433,"z":0.2910729944705963,"w":0.6728538274765015},"size":6.079800605773926,"orthographic":false}