{"cameraMode":{"drawMode":0,"name":"Shaded","section":"Shading Mode"},"sceneLighting":false,"audioPlay":false,"sceneViewState":{"showFog":true,"showMaterialUpdate":false,"showSkybox":true,"showFlares":true,"showImageEffects":true,"showParticleSystems":true},"in2DMode":false,"pivot":{"x":-8.90221118927002,"y":-0.4379514455795288,"z":-3.6902012825012209},"rotation":{"x":-0.01270377542823553,"y":0.7674948573112488,"z":-0.01521941740065813,"w":-0.6407485604286194},"size":2.384707450866699,"orthographic":false}