{"cameraMode":{"drawMode":0,"name":"Shaded","section":"Shading Mode"},"sceneLighting":false,"audioPlay":false,"sceneViewState":{"showFog":true,"showMaterialUpdate":false,"showSkybox":true,"showFlares":true,"showImageEffects":true,"showParticleSystems":true},"in2DMode":false,"pivot":{"x":0.9288716316223145,"y":1.2586640119552613,"z":1.255013108253479},"rotation":{"x":-0.0960296168923378,"y":-0.7636508941650391,"z":0.11683294177055359,"w":-0.6276669502258301},"size":4.955304145812988,"orthographic":false}