{"cameraMode":{"drawMode":0,"name":"Shaded","section":"Shading Mode"},"sceneLighting":false,"audioPlay":false,"sceneViewState":{"showFog":true,"showMaterialUpdate":false,"showSkybox":true,"showFlares":true,"showImageEffects":true,"showParticleSystems":true},"in2DMode":false,"pivot":{"x":14.481337547302246,"y":1.2922897338867188,"z":-0.5688259601593018},"rotation":{"x":-0.014574551023542881,"y":0.7533530592918396,"z":0.016708796843886377,"w":0.657242476940155},"size":22.0,"orthographic":false}