{"cameraMode":{"drawMode":0,"name":"Shaded","section":"Shading Mode"},"sceneLighting":false,"audioPlay":false,"sceneViewState":{"showFog":true,"showMaterialUpdate":false,"showSkybox":true,"showFlares":true,"showImageEffects":true,"showParticleSystems":true},"in2DMode":false,"pivot":{"x":-12.831294059753418,"y":1.2262017726898194,"z":-5.620622634887695},"rotation":{"x":0.018001332879066469,"y":0.8844215273857117,"z":0.034229885786771777,"w":-0.4650837481021881},"size":18.960411071777345,"orthographic":false}