{"cameraMode":{"drawMode":0,"name":"Shaded","section":"Shading Mode"},"sceneLighting":false,"audioPlay":false,"sceneViewState":{"showFog":true,"showMaterialUpdate":false,"showSkybox":true,"showFlares":true,"showImageEffects":true,"showParticleSystems":true},"in2DMode":false,"pivot":{"x":141.32257080078126,"y":-8.069210052490235,"z":0.08121299743652344},"rotation":{"x":-0.0158864576369524,"y":-0.7180194854736328,"z":0.016393736004829408,"w":-0.6956485509872437},"size":142.99342346191407,"orthographic":false}