{"cameraMode":{"drawMode":0,"name":"Shaded","section":"Shading Mode"},"sceneLighting":false,"audioPlay":false,"sceneViewState":{"showFog":true,"showMaterialUpdate":false,"showSkybox":true,"showFlares":true,"showImageEffects":true,"showParticleSystems":true},"in2DMode":false,"pivot":{"x":-5.228324890136719,"y":-1.2368104457855225,"z":-3.5598220825195314},"rotation":{"x":-0.009350568987429142,"y":0.9892260432243347,"z":-0.07316458970308304,"w":-0.12645699083805085},"size":12.024006843566895,"orthographic":false}