{"cameraMode":{"drawMode":0,"name":"Shaded","section":"Shading Mode"},"sceneLighting":false,"audioPlay":false,"sceneViewState":{"showFog":true,"showMaterialUpdate":false,"showSkybox":true,"showFlares":true,"showImageEffects":true,"showParticleSystems":true},"in2DMode":false,"pivot":{"x":-8.620025634765625,"y":0.05729800462722778,"z":-1.6975343227386475},"rotation":{"x":-0.017647674307227136,"y":0.9498093128204346,"z":-0.05450887605547905,"w":-0.3075380325317383},"size":0.8847076296806336,"orthographic":false}