{"cameraMode":{"drawMode":0,"name":"Shaded","section":"Shading Mode"},"sceneLighting":false,"audioPlay":false,"sceneViewState":{"showFog":true,"showMaterialUpdate":false,"showSkybox":true,"showFlares":true,"showImageEffects":true,"showParticleSystems":true},"in2DMode":false,"pivot":{"x":-11.801589965820313,"y":-0.17144739627838136,"z":-3.9867348670959474},"rotation":{"x":-0.03395971283316612,"y":-0.8923236727714539,"z":-0.06810310482978821,"w":0.44493502378463747},"size":9.47594165802002,"orthographic":false}