{"cameraMode":{"drawMode":0,"name":"Shaded","section":"Shading Mode"},"sceneLighting":false,"audioPlay":false,"sceneViewState":{"showFog":true,"showMaterialUpdate":false,"showSkybox":true,"showFlares":true,"showImageEffects":true,"showParticleSystems":true},"in2DMode":false,"pivot":{"x":-3.0773656368255617,"y":0.0018576271831989289,"z":-1.3202576637268067},"rotation":{"x":-0.02516152523458004,"y":-0.758738100528717,"z":-0.02935650199651718,"w":0.6502472758293152},"size":1.102555513381958,"orthographic":false}