{"cameraMode":{"drawMode":0,"name":"Shaded","section":"Shading Mode"},"sceneLighting":false,"audioPlay":false,"sceneViewState":{"showFog":true,"showMaterialUpdate":false,"showSkybox":true,"showFlares":true,"showImageEffects":true,"showParticleSystems":true},"in2DMode":false,"pivot":{"x":-6.6862874031066898,"y":1.3970990180969239,"z":0.41826897859573367},"rotation":{"x":-0.0903606191277504,"y":0.7075303792953491,"z":-0.09201795607805252,"w":-0.6948153376579285},"size":6.630984783172607,"orthographic":false}