{"cameraMode":{"drawMode":0,"name":"Shaded","section":"Shading Mode"},"sceneLighting":false,"audioPlay":false,"sceneViewState":{"showFog":true,"showMaterialUpdate":false,"showSkybox":true,"showFlares":true,"showImageEffects":true,"showParticleSystems":true},"in2DMode":false,"pivot":{"x":-12.504950523376465,"y":-0.8016184568405151,"z":-6.914882183074951},"rotation":{"x":-0.0006545893847942352,"y":-0.8309137225151062,"z":-0.0009747877484187484,"w":0.5564000606536865},"size":15.043597221374512,"orthographic":false}