{"cameraMode":{"drawMode":0,"name":"Shaded","section":"Shading Mode"},"sceneLighting":false,"audioPlay":false,"sceneViewState":{"showFog":true,"showMaterialUpdate":false,"showSkybox":true,"showFlares":true,"showImageEffects":true,"showParticleSystems":true},"in2DMode":false,"pivot":{"x":-8.770135879516602,"y":-0.07852792739868164,"z":4.100159645080566},"rotation":{"x":-0.07809764891862869,"y":0.6973928213119507,"z":-0.07690116763114929,"w":-0.7082585692405701},"size":14.267982482910157,"orthographic":false}