{"cameraMode":{"drawMode":0,"name":"Shaded","section":"Shading Mode"},"sceneLighting":false,"audioPlay":false,"sceneViewState":{"showFog":true,"showMaterialUpdate":false,"showSkybox":true,"showFlares":true,"showImageEffects":true,"showParticleSystems":true},"in2DMode":false,"pivot":{"x":-13.101078987121582,"y":0.24615883827209474,"z":0.8693000078201294},"rotation":{"x":-0.07220026105642319,"y":-0.6770473718643189,"z":-0.06702360510826111,"w":0.7293160557746887},"size":14.1961088180542,"orthographic":false}