{"cameraMode":{"drawMode":0,"name":"Shaded","section":"Shading Mode"},"sceneLighting":true,"audioPlay":false,"sceneViewState":{"showFog":true,"showMaterialUpdate":false,"showSkybox":true,"showFlares":true,"showImageEffects":true,"showParticleSystems":true},"in2DMode":false,"pivot":{"x":0.0,"y":-0.004999999888241291,"z":0.0990000069141388},"rotation":{"x":-0.10020289570093155,"y":0.885569155216217,"z":-0.2254718393087387,"w":-0.3935595452785492},"size":13.487404823303223,"orthographic":false}